{
"products": [
{
"id": 83,
"title": "Blue & Black Check Shirt",
"description": "The Blue & Black Check Shirt is a stylish and comfortable men's shirt featuring a classic check pattern. Made from high-quality fabric, it's suitable for both casual and semi-formal occasions.",
"category": "mens-shirts",
"price": 29.99,
"discountPercentage": 1.41,
"rating": 4.19,
"stock": 44,
"tags": [
"clothing",
"men's shirts"
],
"brand": "Fashion Trends",
"sku": "6RJDTVCU",
"weight": 6,
"dimensions": {
"width": 17.25,
"height": 27.31,
"depth": 20.88
},
"warrantyInformation": "No warranty",
"shippingInformation": "Ships in 1 month",
"availabilityStatus": "In Stock",
"reviews": [
{
"rating": 4,
"comment": "Highly recommended!",
"date": "2024-05-23T08:56:21.623Z",
"reviewerName": "Mason Parker",
"reviewerEmail": "mason.parker@x.dummyjson.com"
},
{
"rating": 5,
"comment": "Highly impressed!",
"date": "2024-05-23T08:56:21.623Z",
"reviewerName": "Avery Perez",
"reviewerEmail": "avery.perez@x.dummyjson.com"
},
{
"rating": 5,
"comment": "Fast shipping!",
"date": "2024-05-23T08:56:21.623Z",
"reviewerName": "Nathan Reed",
"reviewerEmail": "nathan.reed@x.dummyjson.com"
}
],
"returnPolicy": "7 days return policy",
"minimumOrderQuantity": 4,
"meta": {
"createdAt": "2024-05-23T08:56:21.623Z",
"updatedAt": "2024-05-23T08:56:21.623Z",
"barcode": "8840720880947",
"qrCode": "https://assets.dummyjson.com/public/qr-code.png"
},
"images": [
"https://cdn.dummyjson.com/products/images/mens-shirts/Blue%20&%20Black%20Check%20Shirt/1.png",
"https://cdn.dummyjson.com/products/images/mens-shirts/Blue%20&%20Black%20Check%20Shirt/2.png",
"https://cdn.dummyjson.com/products/images/mens-shirts/Blue%20&%20Black%20Check%20Shirt/3.png",
"https://cdn.dummyjson.com/products/images/mens-shirts/Blue%20&%20Black%20Check%20Shirt/4.png"
],
"thumbnail": "https://cdn.dummyjson.com/products/images/mens-shirts/Blue%20&%20Black%20Check%20Shirt/thumbnail.png"
},
{
"id": 84,
"title": "Gigabyte Aorus Men Tshirt",
"description": "The Gigabyte Aorus Men Tshirt is a cool and casual shirt for gaming enthusiasts. With the Aorus logo and sleek design, it's perfect for expressing your gaming style.",
"category": "mens-shirts",
"price": 24.99,
"discountPercentage": 12.6,
"rating": 4.95,
"stock": 64,
"tags": [
"clothing",
"men's t-shirts"
],
"brand": "Gigabyte",
"sku": "QA703Y60",
"weight": 2,
"dimensions": {
"width": 8.54,
"height": 23.52,
"depth": 5.66
},
"warrantyInformation": "1 month warranty",
"shippingInformation": "Ships in 1 week",
"availabilityStatus": "In Stock",
"reviews": [
{
"rating": 4,
"comment": "Highly recommended!",
"date": "2024-05-23T08:56:21.623Z",
"reviewerName": "Logan Lawson",
"reviewerEmail": "logan.lawson@x.dummyjson.com"
},
{
"rating": 4,
"comment": "Great value for money!",
"date": "2024-05-23T08:56:21.623Z",
"reviewerName": "Logan Lawson",
"reviewerEmail": "logan.lawson@x.dummyjson.com"
},
{
"rating": 5,
"comment": "Great value for money!",
"date": "2024-05-23T08:56:21.623Z",
"reviewerName": "Oscar Powers",
"reviewerEmail": "oscar.powers@x.dummyjson.com"
}
],
"returnPolicy": "30 days return policy",
"minimumOrderQuantity": 4,
"meta": {
"createdAt": "2024-05-23T08:56:21.623Z",
"updatedAt": "2024-05-23T08:56:21.623Z",
"barcode": "3072645939073",
"qrCode": "https://assets.dummyjson.com/public/qr-code.png"
},
"images": [
"https://cdn.dummyjson.com/products/images/mens-shirts/Gigabyte%20Aorus%20Men%20Tshirt/1.png",
"https://cdn.dummyjson.com/products/images/mens-shirts/Gigabyte%20Aorus%20Men%20Tshirt/2.png",
"https://cdn.dummyjson.com/products/images/mens-shirts/Gigabyte%20Aorus%20Men%20Tshirt/3.png",
"https://cdn.dummyjson.com/products/images/mens-shirts/Gigabyte%20Aorus%20Men%20Tshirt/4.png"
],
"thumbnail": "https://cdn.dummyjson.com/products/images/mens-shirts/Gigabyte%20Aorus%20Men%20Tshirt/thumbnail.png"
},
{
"id": 85,
"title": "Man Plaid Shirt",
"description": "The Man Plaid Shirt is a timeless and versatile men's shirt with a classic plaid pattern. Its comfortable fit and casual style make it a wardrobe essential for various occasions.",
"category": "mens-shirts",
"price": 34.99,
"discountPercentage": 17.53,
"rating": 3.66,
"stock": 65,
"tags": [
"clothing",
"men's shirts"
],
"brand": "Classic Wear",
"sku": "TWL7HRBB",
"weight": 1,
"dimensions": {
"width": 29.56,
"height": 29.84,
"depth": 7.77
},
"warrantyInformation": "Lifetime warranty",
"shippingInformation": "Ships in 1 week",
"availabilityStatus": "In Stock",
"reviews": [
{
"rating": 3,
"comment": "Would not buy again!",
"date": "2024-05-23T08:56:21.623Z",
"reviewerName": "Nora Mills",
"reviewerEmail": "nora.mills@x.dummyjson.com"
},
{
"rating": 1,
"comment": "Very disappointed!",
"date": "2024-05-23T08:56:21.623Z",
"reviewerName": "Addison Ward",
"reviewerEmail": "addison.ward@x.dummyjson.com"
},
{
"rating": 4,
"comment": "Awesome product!",
"date": "2024-05-23T08:56:21.623Z",
"reviewerName": "Emily Brown",
"reviewerEmail": "emily.brown@x.dummyjson.com"
}
],
"returnPolicy": "30 days return policy",
"minimumOrderQuantity": 1,
"meta": {
"createdAt": "2024-05-23T08:56:21.623Z",
"updatedAt": "2024-05-23T08:56:21.623Z",
"barcode": "9383795178668",
"qrCode": "https://assets.dummyjson.com/public/qr-code.png"
},
"images": [
"https://cdn.dummyjson.com/products/images/mens-shirts/Man%20Plaid%20Shirt/1.png",
"https://cdn.dummyjson.com/products/images/mens-shirts/Man%20Plaid%20Shirt/2.png",
"https://cdn.dummyjson.com/products/images/mens-shirts/Man%20Plaid%20Shirt/3.png",
"https://cdn.dummyjson.com/products/images/mens-shirts/Man%20Plaid%20Shirt/4.png"
],
"thumbnail": "https://cdn.dummyjson.com/products/images/mens-shirts/Man%20Plaid%20Shirt/thumbnail.png"
},
{
"id": 86,
"title": "Man Short Sleeve Shirt",
"description": "The Man Short Sleeve Shirt is a breezy and stylish option for warm days. With a comfortable fit and short sleeves, it's perfect for a laid-back yet polished look.",
"category": "mens-shirts",
"price": 19.99,
"discountPercentage": 8.65,
"rating": 4.62,
"stock": 20,
"tags": [
"clothing",
"men's shirts"
],
"brand": "Casual Comfort",
"sku": "KEVGVDTV",
"weight": 2,
"dimensions": {
"width": 7.11,
"height": 28.63,
"depth": 27.54
},
"warrantyInformation": "5 year warranty",
"shippingInformation": "Ships in 2 weeks",
"availabilityStatus": "In Stock",
"reviews": [
{
"rating": 5,
"comment": "Great value for money!",
"date": "2024-05-23T08:56:21.623Z",
"reviewerName": "Caleb Nelson",
"reviewerEmail": "caleb.nelson@x.dummyjson.com"
},
{
"rating": 1,
"comment": "Disappointing product!",
"date": "2024-05-23T08:56:21.623Z",
"reviewerName": "Emily Johnson",
"reviewerEmail": "emily.johnson@x.dummyjson.com"
},
{
"rating": 4,
"comment": "Great product!",
"date": "2024-05-23T08:56:21.623Z",
"reviewerName": "Mila Hernandez",
"reviewerEmail": "mila.hernandez@x.dummyjson.com"
}
],
"returnPolicy": "7 days return policy",
"minimumOrderQuantity": 1,
"meta": {
"createdAt": "2024-05-23T08:56:21.623Z",
"updatedAt": "2024-05-23T08:56:21.623Z",
"barcode": "8162805546713",
"qrCode": "https://assets.dummyjson.com/public/qr-code.png"
},
"images": [
"https://cdn.dummyjson.com/products/images/mens-shirts/Man%20Short%20Sleeve%20Shirt/1.png",
"https://cdn.dummyjson.com/products/images/mens-shirts/Man%20Short%20Sleeve%20Shirt/2.png",
"https://cdn.dummyjson.com/products/images/mens-shirts/Man%20Short%20Sleeve%20Shirt/3.png",
"https://cdn.dummyjson.com/products/images/mens-shirts/Man%20Short%20Sleeve%20Shirt/4.png"
],
"thumbnail": "https://cdn.dummyjson.com/products/images/mens-shirts/Man%20Short%20Sleeve%20Shirt/thumbnail.png"
},
{
"id": 87,
"title": "Men Check Shirt",
"description": "The Men Check Shirt is a classic and versatile shirt featuring a stylish check pattern. Suitable for various occasions, it adds a smart and polished touch to your wardrobe.",
"category": "mens-shirts",
"price": 27.99,
"discountPercentage": 14.21,
"rating": 2.9,
"stock": 69,
"tags": [
"clothing",
"men's shirts"
],
"brand": "Urban Chic",
"sku": "L902AU9L",
"weight": 1,
"dimensions": {
"width": 18.43,
"height": 6.96,
"depth": 20.73
},
"warrantyInformation": "3 year warranty",
"shippingInformation": "Ships in 1 month",
"availabilityStatus": "In Stock",
"reviews": [
{
"rating": 1,
"comment": "Would not buy again!",
"date": "2024-05-23T08:56:21.623Z",
"reviewerName": "Elena Long",
"reviewerEmail": "elena.long@x.dummyjson.com"
},
{
"rating": 1,
"comment": "Very dissatisfied!",
"date": "2024-05-23T08:56:21.623Z",
"reviewerName": "Mason Parker",
"reviewerEmail": "mason.parker@x.dummyjson.com"
},
{
"rating": 4,
"comment": "Great product!",
"date": "2024-05-23T08:56:21.623Z",
"reviewerName": "Sofia Mitchell",
"reviewerEmail": "sofia.mitchell@x.dummyjson.com"
}
],
"returnPolicy": "90 days return policy",
"minimumOrderQuantity": 8,
"meta": {
"createdAt": "2024-05-23T08:56:21.623Z",
"updatedAt": "2024-05-23T08:56:21.623Z",
"barcode": "1360512025227",
"qrCode": "https://assets.dummyjson.com/public/qr-code.png"
},
"images": [
"https://cdn.dummyjson.com/products/images/mens-shirts/Men%20Check%20Shirt/1.png",
"https://cdn.dummyjson.com/products/images/mens-shirts/Men%20Check%20Shirt/2.png",
"https://cdn.dummyjson.com/products/images/mens-shirts/Men%20Check%20Shirt/3.png",
"https://cdn.dummyjson.com/products/images/mens-shirts/Men%20Check%20Shirt/4.png"
],
"thumbnail": "https://cdn.dummyjson.com/products/images/mens-shirts/Men%20Check%20Shirt/thumbnail.png"
}
],
"total": 5,
"skip": 0,
"limit": 5
}