{
    "products": [
    {
    "id": 154,
    "title": "Black Sun Glasses",
    "description": "The Black Sun Glasses are a classic and stylish choice, featuring a sleek black frame and tinted lenses. They provide both UV protection and a fashionable look.",
    "category": "sunglasses",
    "price": 29.99,
    "discountPercentage": 14.22,
    "rating": 3.23,
    "stock": 100,
    "tags": [
    "eyewear",
    "sunglasses"
    ],
    "brand": "Fashion Shades",
    "sku": "572XJQ54",
    "weight": 3,
    "dimensions": {
    "width": 14.41,
    "height": 22.93,
    "depth": 9.36
    },
    "warrantyInformation": "1 year warranty",
    "shippingInformation": "Ships in 3-5 business days",
    "availabilityStatus": "In Stock",
    "reviews": [
    {
    "rating": 2,
    "comment": "Disappointing product!",
    "date": "2024-05-23T08:56:21.626Z",
    "reviewerName": "Hunter Gordon",
    "reviewerEmail": "hunter.gordon@x.dummyjson.com"
    },
    {
    "rating": 4,
    "comment": "Fast shipping!",
    "date": "2024-05-23T08:56:21.626Z",
    "reviewerName": "Christopher West",
    "reviewerEmail": "christopher.west@x.dummyjson.com"
    },
    {
    "rating": 5,
    "comment": "Would buy again!",
    "date": "2024-05-23T08:56:21.626Z",
    "reviewerName": "Addison Ward",
    "reviewerEmail": "addison.ward@x.dummyjson.com"
    }
    ],
    "returnPolicy": "No return policy",
    "minimumOrderQuantity": 18,
    "meta": {
    "createdAt": "2024-05-23T08:56:21.626Z",
    "updatedAt": "2024-05-23T08:56:21.626Z",
    "barcode": "5882136939141",
    "qrCode": "https://assets.dummyjson.com/public/qr-code.png"
    },
    "images": [
    "https://cdn.dummyjson.com/products/images/sunglasses/Black%20Sun%20Glasses/1.png",
    "https://cdn.dummyjson.com/products/images/sunglasses/Black%20Sun%20Glasses/2.png",
    "https://cdn.dummyjson.com/products/images/sunglasses/Black%20Sun%20Glasses/3.png"
    ],
    "thumbnail": "https://cdn.dummyjson.com/products/images/sunglasses/Black%20Sun%20Glasses/thumbnail.png"
    },
    {
    "id": 155,
    "title": "Classic Sun Glasses",
    "description": "The Classic Sun Glasses offer a timeless design with a neutral frame and UV-protected lenses. These sunglasses are versatile and suitable for various occasions.",
    "category": "sunglasses",
    "price": 24.99,
    "discountPercentage": 15.67,
    "rating": 2.99,
    "stock": 100,
    "tags": [
    "eyewear",
    "sunglasses"
    ],
    "brand": "Fashion Shades",
    "sku": "4K0LQT72",
    "weight": 9,
    "dimensions": {
    "width": 15.27,
    "height": 7.88,
    "depth": 7.94
    },
    "warrantyInformation": "1 week warranty",
    "shippingInformation": "Ships in 3-5 business days",
    "availabilityStatus": "In Stock",
    "reviews": [
    {
    "rating": 4,
    "comment": "Would buy again!",
    "date": "2024-05-23T08:56:21.626Z",
    "reviewerName": "Hazel Evans",
    "reviewerEmail": "hazel.evans@x.dummyjson.com"
    },
    {
    "rating": 1,
    "comment": "Disappointing product!",
    "date": "2024-05-23T08:56:21.626Z",
    "reviewerName": "Christian Perez",
    "reviewerEmail": "christian.perez@x.dummyjson.com"
    },
    {
    "rating": 4,
    "comment": "Would buy again!",
    "date": "2024-05-23T08:56:21.626Z",
    "reviewerName": "Aubrey Garcia",
    "reviewerEmail": "aubrey.garcia@x.dummyjson.com"
    }
    ],
    "returnPolicy": "No return policy",
    "minimumOrderQuantity": 5,
    "meta": {
    "createdAt": "2024-05-23T08:56:21.626Z",
    "updatedAt": "2024-05-23T08:56:21.626Z",
    "barcode": "8441015763783",
    "qrCode": "https://assets.dummyjson.com/public/qr-code.png"
    },
    "images": [
    "https://cdn.dummyjson.com/products/images/sunglasses/Classic%20Sun%20Glasses/1.png",
    "https://cdn.dummyjson.com/products/images/sunglasses/Classic%20Sun%20Glasses/2.png",
    "https://cdn.dummyjson.com/products/images/sunglasses/Classic%20Sun%20Glasses/3.png"
    ],
    "thumbnail": "https://cdn.dummyjson.com/products/images/sunglasses/Classic%20Sun%20Glasses/thumbnail.png"
    },
    {
    "id": 156,
    "title": "Green and Black Glasses",
    "description": "The Green and Black Glasses feature a bold combination of green and black colors, adding a touch of vibrancy to your eyewear collection. They are both stylish and eye-catching.",
    "category": "sunglasses",
    "price": 34.99,
    "discountPercentage": 10.75,
    "rating": 2.84,
    "stock": 74,
    "tags": [
    "eyewear",
    "sunglasses"
    ],
    "brand": "Fashion Shades",
    "sku": "6ZLT86N8",
    "weight": 9,
    "dimensions": {
    "width": 10.62,
    "height": 22.49,
    "depth": 28.91
    },
    "warrantyInformation": "No warranty",
    "shippingInformation": "Ships in 3-5 business days",
    "availabilityStatus": "In Stock",
    "reviews": [
    {
    "rating": 4,
    "comment": "Excellent quality!",
    "date": "2024-05-23T08:56:21.626Z",
    "reviewerName": "Miles Stevenson",
    "reviewerEmail": "miles.stevenson@x.dummyjson.com"
    },
    {
    "rating": 4,
    "comment": "Very happy with my purchase!",
    "date": "2024-05-23T08:56:21.626Z",
    "reviewerName": "Henry Adams",
    "reviewerEmail": "henry.adams@x.dummyjson.com"
    },
    {
    "rating": 2,
    "comment": "Not as described!",
    "date": "2024-05-23T08:56:21.626Z",
    "reviewerName": "Ava Taylor",
    "reviewerEmail": "ava.taylor@x.dummyjson.com"
    }
    ],
    "returnPolicy": "7 days return policy",
    "minimumOrderQuantity": 12,
    "meta": {
    "createdAt": "2024-05-23T08:56:21.626Z",
    "updatedAt": "2024-05-23T08:56:21.626Z",
    "barcode": "3645259229399",
    "qrCode": "https://assets.dummyjson.com/public/qr-code.png"
    },
    "images": [
    "https://cdn.dummyjson.com/products/images/sunglasses/Green%20and%20Black%20Glasses/1.png",
    "https://cdn.dummyjson.com/products/images/sunglasses/Green%20and%20Black%20Glasses/2.png",
    "https://cdn.dummyjson.com/products/images/sunglasses/Green%20and%20Black%20Glasses/3.png"
    ],
    "thumbnail": "https://cdn.dummyjson.com/products/images/sunglasses/Green%20and%20Black%20Glasses/thumbnail.png"
    },
    {
    "id": 157,
    "title": "Party Glasses",
    "description": "The Party Glasses are designed to add flair to your party outfit. With unique shapes or colorful frames, they're perfect for adding a playful touch to your look during celebrations.",
    "category": "sunglasses",
    "price": 19.99,
    "discountPercentage": 19.52,
    "rating": 3.21,
    "stock": 35,
    "tags": [
    "eyewear",
    "party glasses"
    ],
    "brand": "Fashion Fun",
    "sku": "CBO6BLYV",
    "weight": 1,
    "dimensions": {
    "width": 17.04,
    "height": 25.52,
    "depth": 12.34
    },
    "warrantyInformation": "2 year warranty",
    "shippingInformation": "Ships in 2 weeks",
    "availabilityStatus": "In Stock",
    "reviews": [
    {
    "rating": 5,
    "comment": "Great value for money!",
    "date": "2024-05-23T08:56:21.626Z",
    "reviewerName": "Connor Baker",
    "reviewerEmail": "connor.baker@x.dummyjson.com"
    },
    {
    "rating": 5,
    "comment": "Fast shipping!",
    "date": "2024-05-23T08:56:21.626Z",
    "reviewerName": "Elena Baker",
    "reviewerEmail": "elena.baker@x.dummyjson.com"
    },
    {
    "rating": 5,
    "comment": "Highly recommended!",
    "date": "2024-05-23T08:56:21.626Z",
    "reviewerName": "Grayson Coleman",
    "reviewerEmail": "grayson.coleman@x.dummyjson.com"
    }
    ],
    "returnPolicy": "90 days return policy",
    "minimumOrderQuantity": 19,
    "meta": {
    "createdAt": "2024-05-23T08:56:21.626Z",
    "updatedAt": "2024-05-23T08:56:21.626Z",
    "barcode": "0425848276443",
    "qrCode": "https://assets.dummyjson.com/public/qr-code.png"
    },
    "images": [
    "https://cdn.dummyjson.com/products/images/sunglasses/Party%20Glasses/1.png",
    "https://cdn.dummyjson.com/products/images/sunglasses/Party%20Glasses/2.png",
    "https://cdn.dummyjson.com/products/images/sunglasses/Party%20Glasses/3.png"
    ],
    "thumbnail": "https://cdn.dummyjson.com/products/images/sunglasses/Party%20Glasses/thumbnail.png"
    },
    {
    "id": 158,
    "title": "Sunglasses",
    "description": "The Sunglasses offer a classic and simple design with a focus on functionality. These sunglasses provide essential UV protection while maintaining a timeless look.",
    "category": "sunglasses",
    "price": 22.99,
    "discountPercentage": 4.87,
    "rating": 2.58,
    "stock": 59,
    "tags": [
    "eyewear",
    "sunglasses"
    ],
    "brand": "Fashion Shades",
    "sku": "FCWURP6V",
    "weight": 6,
    "dimensions": {
    "width": 8.15,
    "height": 28.81,
    "depth": 8.4
    },
    "warrantyInformation": "5 year warranty",
    "shippingInformation": "Ships in 1-2 business days",
    "availabilityStatus": "In Stock",
    "reviews": [
    {
    "rating": 4,
    "comment": "Awesome product!",
    "date": "2024-05-23T08:56:21.626Z",
    "reviewerName": "Isabella Anderson",
    "reviewerEmail": "isabella.anderson@x.dummyjson.com"
    },
    {
    "rating": 5,
    "comment": "Very satisfied!",
    "date": "2024-05-23T08:56:21.626Z",
    "reviewerName": "Nathan Dixon",
    "reviewerEmail": "nathan.dixon@x.dummyjson.com"
    },
    {
    "rating": 5,
    "comment": "Awesome product!",
    "date": "2024-05-23T08:56:21.626Z",
    "reviewerName": "Zoe Nicholson",
    "reviewerEmail": "zoe.nicholson@x.dummyjson.com"
    }
    ],
    "returnPolicy": "60 days return policy",
    "minimumOrderQuantity": 11,
    "meta": {
    "createdAt": "2024-05-23T08:56:21.626Z",
    "updatedAt": "2024-05-23T08:56:21.626Z",
    "barcode": "9189532411470",
    "qrCode": "https://assets.dummyjson.com/public/qr-code.png"
    },
    "images": [
    "https://cdn.dummyjson.com/products/images/sunglasses/Sunglasses/1.png",
    "https://cdn.dummyjson.com/products/images/sunglasses/Sunglasses/2.png",
    "https://cdn.dummyjson.com/products/images/sunglasses/Sunglasses/3.png"
    ],
    "thumbnail": "https://cdn.dummyjson.com/products/images/sunglasses/Sunglasses/thumbnail.png"
    }
    ],
    "total": 5,
    "skip": 0,
    "limit": 5
    }